<?xml version="1.0" encoding="utf-8"?>
<ApplicationPackage SchemaVersion="1.0" Version="1.0.0" ProductCode="{A1B2C3D4-E5F6-7890-ABCD-123456789013}" Name="RevitViewExtractor" Description="Extract views from Revit models" Author="RVEXT">
  <CompanyDetails Name="RVEXT" Url="" Email="" />
  <Components Description="Revit View Extractor Components">
    <RuntimeRequirements SeriesMin="R2024" SeriesMax="R2026" Platform="Any" OS="Win64" />
    <ComponentEntry AppName="RevitViewExtractor" ModuleName="./Contents/RevitViewExtractor.dll" AppDescription="Extract views from Revit models" LoadOnCommandInvocation="False" LoadOnRevitStartup="True">
      <Commands GroupName="RVEXT">
        <Command Global="ViewExtractorCloud" Local="ViewExtractorCloud" />
      </Commands>
    </ComponentEntry>
  </Components>
</ApplicationPackage>
